{"cameraMode":{"drawMode":0,"name":"Shaded","section":"Shading Mode"},"sceneLighting":false,"audioPlay":false,"sceneViewState":{"showFog":true,"showMaterialUpdate":false,"showSkybox":false,"showFlares":true,"showImageEffects":true,"showParticleSystems":true},"in2DMode":false,"pivot":{"x":2.1500000953674318,"y":0.8790000677108765,"z":3.299999952316284},"rotation":{"x":0.4082202613353729,"y":0.03832310065627098,"z":-0.017155319452285768,"w":0.9119185209274292},"size":3.477705717086792,"orthographic":false}