{"cameraMode":{"drawMode":0,"name":"Shaded","section":"Shading Mode"},"sceneLighting":true,"audioPlay":false,"sceneViewState":{"showFog":true,"showMaterialUpdate":false,"showSkybox":true,"showFlares":true,"showImageEffects":true,"showParticleSystems":true},"in2DMode":false,"pivot":{"x":-2.896695375442505,"y":-2.5715789794921877,"z":-0.05887031555175781},"rotation":{"x":0.6530836224555969,"y":0.018169188871979715,"z":-0.01567699760198593,"w":0.7569056153297424},"size":44.74734115600586,"orthographic":false}